{
  "name": "AsyncMQTT_Generic",
  "version": "1.8.1",
  "keywords": "communication, iot, automation, async, async-tcp, async-tcp-ssl, async-mqtt, mqtt, async-mqtt-client, esp8266, esp32, stm32, portenta-h7, wt32-eth01, tls, teensy-41, qn-ethernet, lwip, lan8742a, lan8720",
  "description": "Arduino Arduino Library for ESP8266, ESP32, Portenta_H7, STM32 and RP2040W asynchronous MQTT client implementation. This library, ported to support ESP32, WT32_ETH01 (ESP32 + LAN8720), (ESP32 + LwIP W5500), (ESP32 + LwIP ENC28J60), ESP8266, Portenta_H7 (Ethernet or WiFi) and STM32 (LAN8742A or LAN8720 Ethernet), Teensy 4.1 using QNEthernet, RASPBERRY_PI_PICO_W with CYW43439 WiFi. Currently supporting TLS/SSL for ESP32 only",
  "authors": 
  [
    {
      "name": "Marvin ROGER",
    	"url": "https://www.marvinroger.fr"
    },
    {
      "name":  "Khoi Hoang",
      "url":   "https://github.com/khoih-prog",
      "email": "khoih.prog@gmail.com",
      "maintainer": true
    }  
  ],
  "repository":
  {
    "type": "git",
    "url": "https://github.com/khoih-prog/AsyncMQTT_Generic.git"
  },
  "dependencies": 
  [
    {
      "owner": "me-no-dev",
      "name": "AsyncTCP",
      "version": ">=1.1.1",
      "platforms": ["espressif32"]
    },
    { 
      "owner": "khoih-prog",
      "name": "ESPAsyncTCP",
      "version": "https://github.com/khoih-prog/ESPAsyncTCP"
    },
    {
      "owner": "khoih-prog",
      "name": "AsyncTCP_SSL",
      "version": ">=1.3.1",
      "platforms": "espressif32"
    },
    {
      "owner": "khoih-prog",
      "name": "Portenta_H7_AsyncTCP",
      "version": ">=1.4.0",
      "platforms": "ststm32"
    },
    {
      "owner": "khoih-prog",
      "name": "Teensy41_AsyncTCP",
      "version": ">=1.1.0",
      "platforms": ["teensy", "avr"]
    },
    {
      "owner": "khoih-prog",
      "name": "AsyncTCP_RP2040W",
      "version": ">=1.1.0",
      "platforms": ["raspberrypi"]
    },
    {
      "owner": "khoih-prog",
      "name": "AsyncWebServer_RP2040W",
      "version": ">=1.4.1",
      "platforms": ["raspberrypi"]
    },
    {
      "owner": "khoih-prog",
      "name": "ESPAsync_WiFiManager",
      "version": ">=1.15.1",
      "platforms": ["espressif32", "espressif8266"]
    },
    {
      "owner": "khoih-prog",
      "name": "WebServer_WT32_ETH01",
      "version": ">=1.5.1",
      "platforms": ["espressif32"]
    },
    {
      "owner": "khoih-prog",
      "name": "WebServer_ESP32_W5500",
      "version": ">=1.5.3",
      "platforms": ["espressif32"]
    },
    {
      "owner": "khoih-prog",
      "name": "WebServer_ESP32_ENC",
      "version": ">=1.5.3",
      "platforms": ["espressif32"]
    },
    {
      "owner": "stm32duino",
      "name": "STM32duino LwIP",
      "version": "^2.1.2",
      "platforms": "ststm32"
    },
    {
      "owner": "stm32duino",
      "name": "STM32Ethernet",
      "version": "^1.3.0",
      "platforms": "ststm32"
    },
    {
      "name": "STM32AsyncTCP",
      "version": "https://github.com/khoih-prog/STM32AsyncTCP"
    }
  ],
  "license": "MIT",
  "frameworks": "*",
  "platforms": ["espressif8266", "espressif32", "ststm32", "raspberrypi", "teensy", "avr"],
  "examples": "examples/*/*/*.ino",
  "headers": ["AsyncMQTT_Generic.h"]
}
