{
  "name": "AsyncWebServer_RP2040W",
  "version": "1.5.0",
  "keywords": "http, async, websocket, webserver, async-webserver, async-tcp, async-udp, async-websocket, async-http, ssl, tls, rp2040, rp2040w, raspberry-pi-pico-w, cyw43439, wifi",
  "description": "Asynchronous WebServer Library for RASPBERRY_PI_PICO_W using CYW43439 WiFi with arduino-pico core. This library, which is relied on AsyncTCP_RP2040W, is part of a series of advanced Async libraries for RP2040W, such as AsyncTCP_RP2040W, AsyncUDP_RP2040W, AsyncWebServer_RP2040W, AsyncHTTPRequest_RP2040W, AsyncHTTPSRequest_RP2040W, etc. Now can display programmed WiFi country-code, support using CString to save heap to send very large data and examples to demo how to use beginChunkedResponse() to send large html in chunks",
  "authors": 
  [
    {
      "name": "Hristo Gochkov",
      "url":   "https://github.com/me-no-dev"
    },
    {
      "name":  "Khoi Hoang",
      "url":   "https://github.com/khoih-prog",
      "email": "khoih-prog@gmail.com",
      "maintainer": true
    }  
  ],
  "repository":
  {
    "type": "git",
    "url": "https://github.com/khoih-prog/AsyncWebServer_RP2040W"
  },
  "homepage": "https://github.com/khoih-prog/AsyncWebServer_RP2040W",
  "export": {
    "exclude": [
      "linux",
      "extras",
      "tests"
    ]
  },
  "dependencies":
  [
    {
      "owner": "khoih-prog",
      "name": "AsyncTCP_RP2040W",
      "version": "^1.1.0",
      "platforms": ["raspberrypi"]
    },
    {
      "owner": "khoih-prog",
      "name": "AsyncMQTT_Generic",
      "version": "^1.8.1",
      "platforms": ["raspberrypi"]
    }
  ],
  "license": "LGPL-3.0",
  "frameworks": "*",
  "platforms": "raspberrypi",
  "examples": "examples/*/*/*.ino",
  "headers": ["AsyncWebServer_RP2040W.h", "AsyncFSEditor_RP2040W.h"]
}
